,Constant,LogSize_-1,LogB/M_-1,"Return_-2,-12"
2021-03-31,0.012808350808854488,0.0017549879604636777,0.004022739013575465,0.007731911718336046
2021-02-28,0.021899955662803238,0.003012843202333485,0.006950265132106482,0.01638216427793202
2021-01-31,0.06129274077228955,0.008569394062072007,0.019623748964015184,0.04309355684173748
2020-12-31,0.012803493857798581,0.0018482550323556835,0.0041059583932999705,0.008484984628465772
2020-11-30,0.014776119385613774,0.002171895951539574,0.004950178262611833,0.010077196940589662
2020-10-31,0.008368136828514033,0.0012305988616122148,0.002785234388104953,0.005749006533552163
2020-09-30,0.00913026014015776,0.0013427211018585308,0.0030160865446158687,0.006236808809973509
2020-08-31,0.010480147645217115,0.0015344057754535284,0.00345155149876166,0.007915503200574743
2020-07-31,0.013591395654306325,0.0019487878804446245,0.004371355584968419,0.010695549880789362
2020-06-30,0.013463529176713958,0.0019304610552297683,0.00421442726337358,0.010649216290655308
2020-05-31,0.011796955136617307,0.001621310581054076,0.0036000689389296754,0.01010950085549097
2020-04-30,0.013711664326306605,0.0020606239991856814,0.0043813228539857875,0.011763387441171799
2020-03-31,0.012548738680402967,0.001842735178353321,0.004167631090427969,0.010485390043151945
2020-02-29,0.0123370711063368,0.0018226810887476852,0.004101369350235804,0.009772880626153961
2020-01-31,0.012594026820469383,0.0018795972437109804,0.0044180047822367655,0.009498785544962448
2019-12-31,0.010323961387129377,0.0015181734271046293,0.003465957790604248,0.00864491566645078
2019-11-30,0.009786397939961146,0.0014321518081403986,0.003277959856374498,0.008479208480193984
2019-10-31,0.007890778013978122,0.0011272590170135085,0.0026469380511863266,0.006553017453495343
2019-09-30,0.007200945070240656,0.0010306294747714922,0.002351952512049049,0.006415335541310864
2019-08-31,0.00855757076833987,0.0012221642506095283,0.0029134041802488637,0.0075648735630769156
2019-07-31,0.007252165972959079,0.001029745296131829,0.002450963603580878,0.006253652695125976
2019-06-30,0.008146031469949286,0.0011789954079180346,0.002766003626764881,0.007246480630550342
2019-05-31,0.00993408869274528,0.0014395503935334293,0.003475082293655219,0.008406665897279564
2019-04-30,0.006978507141613585,0.0010243168720886378,0.0023640991810864624,0.006130968892387116
2019-03-31,0.007532236050100429,0.0010974847022193308,0.0025728821188994925,0.0065145219004955485
2019-02-28,0.007301519663003379,0.0010404105240444071,0.00247559877802136,0.006597356793034581
2019-01-31,0.009111926806749111,0.0013469888171085043,0.003308300492749087,0.008086396034189933
2018-12-31,0.00690809841550356,0.0010162450466902977,0.0024315609538609214,0.005919051147471616
2018-11-30,0.007600298304866393,0.0011196722072332884,0.002732940537070239,0.005728517379920296
2018-10-31,0.007134110989784204,0.0010412642239539898,0.0024922703299704446,0.005271201931515017
2018-09-30,0.006765940359831535,0.000986875091294473,0.002322430244068621,0.004903634588809939
2018-08-31,0.008031316762198216,0.0011722763500716037,0.0028537807364121945,0.005865367773776235
2018-07-31,0.006132367047339341,0.0008917431801996803,0.0021523934202687996,0.0045403465838407655
2018-06-30,0.007507396101295828,0.0010918309297840026,0.0026475847035648094,0.005720099554940092
2018-05-31,0.008094552668798974,0.0011836102464852594,0.0029389162344468974,0.006399777442154752
2018-04-30,0.006461401998666364,0.0009578347937309566,0.0023217685081642733,0.0050930545383685855
2018-03-31,0.007738182770736159,0.00115151700573658,0.0028118486029473475,0.0058370231802498925
2018-02-28,0.0061104473411156945,0.0009043392046168207,0.0022281421577345184,0.004612739770843013
2018-01-31,0.007627382188594695,0.0011302558481651676,0.0028346683262667955,0.005674742932909333
2017-12-31,0.007117568934950934,0.0010581084480959177,0.002626397123960112,0.0053931164100081965
2017-11-30,0.008032494075036228,0.001200108589261334,0.0030094857444531776,0.0059203277196049975
2017-10-31,0.006929165565871187,0.0010288261947504376,0.002506241321021988,0.005484459793604065
2017-09-30,0.00842295386561284,0.00126608985787125,0.0031117597885885074,0.006849892246448463
2017-08-31,0.007381525096414605,0.001105537162199082,0.002732670876511264,0.005742820869224846
2017-07-31,0.0053819802147044415,0.0008025092331522898,0.0019791007668697714,0.00395576288069367
2017-06-30,0.006399901429493686,0.0009586075768204148,0.002358585628193065,0.004894449261168359
2017-05-31,0.007017437010362402,0.001048812588007103,0.002620860401283953,0.0052865034655312695
2017-04-30,0.0061655909672904945,0.0009289118403367097,0.00223997488879544,0.004386263874355395
2017-03-31,0.01286393691176305,0.0019325756635002603,0.004724775313617836,0.008345712404946718
2017-02-28,0.006297325026705296,0.000948011251203533,0.0023359873326892606,0.004113603796448648
2017-01-31,0.00733274735545877,0.0011044628428639343,0.002742880085608677,0.0052316595408820965
2016-12-31,0.006917171544916776,0.0010392531160363923,0.002549616679784285,0.005513565806753127
2016-11-30,0.008914411363633528,0.001352117514325574,0.0033666445078501294,0.007131378290043099
2016-10-31,0.005845594963078902,0.0008842360831946808,0.002127317665891736,0.004537237384316045
2016-09-30,0.0063793450390332695,0.0009605380569117577,0.002313064885990957,0.005139578324200542
2016-08-31,0.007710601445594522,0.001146671502986643,0.002773916776142651,0.006272868002827239
2016-07-31,0.0161800177129346,0.0023873506265632205,0.005842052257827698,0.014798881735057624
2016-06-30,0.010736506000205768,0.0015994645047017586,0.0039022569316381323,0.010140953325026658
2016-05-31,0.0096676072442485,0.0014211454653668678,0.0035274633622523056,0.009037986442336913
2016-04-30,0.007339921065799633,0.0010749950443526327,0.002498257875765399,0.007113421459756668
2016-03-31,0.008704487563338612,0.0012792616285584118,0.003055465816925753,0.008603732911768407
2016-02-29,0.00823783459075196,0.0012431232198638553,0.00300762715069218,0.007686577350169042
2016-01-31,0.007412698562669344,0.001115279065522854,0.002695264508767963,0.006770471916610454
2015-12-31,0.006700669976463374,0.0010056679636062554,0.002428028978610339,0.006174321590236961
2015-11-30,0.007825513544627127,0.0011685307466516757,0.002849006887187492,0.0072274114241315445
2015-10-31,0.0076128846472640855,0.0011403629747036646,0.002829821068691305,0.006809493999554786
2015-09-30,0.006639863616046613,0.0009927829459778143,0.002490199388930974,0.005599911736907268
2015-08-31,0.006568074740217451,0.0009898778874110443,0.0024602482789523724,0.005507667647125942
2015-07-31,0.006463268849099109,0.0009643951895937818,0.0023806924469679455,0.005551083693216257
2015-06-30,0.00562392851334722,0.0008444622535514362,0.002089964128288221,0.0049710664788182755
2015-05-31,0.006950914962853359,0.0010420264708009318,0.002611005025944489,0.005616396164167874
2015-04-30,0.006734226824875249,0.0010033657152806142,0.002340974814088788,0.005970684199695167
2015-03-31,0.006352789749806327,0.0009383330845705477,0.0022271004794464436,0.005695038787047253
2015-02-28,0.007296152645165591,0.0010969872511408833,0.0026041592841085817,0.006570210797117445
2015-01-31,0.006988485238604217,0.001048195146032184,0.0025545344944790374,0.0063943451880336625
2014-12-31,0.009129151607868995,0.001382402829086378,0.0034152279021823786,0.00833662323329036
2014-11-30,0.0064258545644299,0.0009715770887782565,0.0024222460554262065,0.005818560854578917
2014-10-31,0.007280185170653841,0.0011041895165253518,0.0027703750792851026,0.0062066001214148465
2014-09-30,0.006585172983961221,0.0009947108718624499,0.0024892018087644832,0.005580727140284207
2014-08-31,0.007307091817047164,0.0011072507107332608,0.0028216812930310707,0.005718034359400895
2014-07-31,0.005577590438339646,0.0008406253312174813,0.002129040911980695,0.004283237126888724
2014-06-30,0.006280437959605997,0.0009471118988986321,0.0024085858459981634,0.004657140149556582
2014-05-31,0.005781753385368277,0.0008592797766154018,0.0022075920454529005,0.0038110616263094727
2014-04-30,0.0062157666975725355,0.0009240378959205024,0.0022237147078771275,0.004195715063794831
2014-03-31,0.006385638056169392,0.0009508336748352353,0.0023396236566778235,0.0043401757527213826
2014-02-28,0.006534604757091368,0.0009778576227829118,0.002404491242242899,0.0044202454332679005
2014-01-31,0.008395014823003163,0.0012574431348289766,0.0031227661597982696,0.005504286274333402
2013-12-31,0.008050271902529469,0.0012156369858446322,0.002968167867764446,0.005515517337198228
2013-11-30,0.006872738228152063,0.0010446613113900154,0.0025907119246726513,0.004791935240057294
2013-10-31,0.006664971069290646,0.0010187688319198177,0.0024870052844697464,0.004889925513288877
2013-09-30,0.007525113296867069,0.0011540641657365154,0.0028086333834848333,0.005512946637614456
2013-08-31,0.006097990984243076,0.0009385684761437825,0.002279030995690357,0.004431298072579567
2013-07-31,0.006980324950084489,0.0010874500989776048,0.0026504864674861926,0.005283930794175384
2013-06-30,0.005435655643415979,0.0008542616721995125,0.0020675386098646855,0.004145258601944082
2013-05-31,0.006988601989931654,0.0010960593435194242,0.0027197482196099068,0.005538595309910984
2013-04-30,0.005994475842600323,0.0009463866819414438,0.0022770034276304646,0.005046994605556514
2013-03-31,0.005995437924661167,0.0009459139290569344,0.0023378724430104885,0.004993079614345846
2013-02-28,0.006476333834115532,0.0010218495689166772,0.002529349523193704,0.0054577882057450094
2013-01-31,0.006481052718471278,0.001026900129727188,0.0025652588302115266,0.00520744067697549
2012-12-31,0.005150403161481497,0.000818012293920683,0.0020300955324043073,0.004090580311850947
2012-11-30,0.0075371877855397295,0.0011976264807938952,0.003020805761215491,0.006115883816275778
2012-10-31,0.005895145684491514,0.0009391624590758942,0.0023238071971360785,0.004366797029708693
2012-09-30,0.005544925665091662,0.0008845196552321052,0.0022089826403473107,0.004680546268310779
2012-08-31,0.006658463098086212,0.0010522517763653949,0.002639626562686513,0.006228043065231844
2012-07-31,0.006482229161631043,0.0010196598234831875,0.0025638020386445164,0.0062134463851672575
2012-06-30,0.0058905316488846084,0.0009331622129287211,0.002379724550563371,0.0056792607371949225
2012-05-31,0.0064467335783720495,0.0010132469183136209,0.002583876037380701,0.006228099176309161
2012-04-30,0.007082917508169914,0.0011028196374847493,0.0026938409520933255,0.0070856698237774405
2012-03-31,0.0070406334499804515,0.0010887465960273592,0.002739192131370099,0.007200770348309325
2012-02-29,0.00694695501704908,0.0010689297824134456,0.002675665371752223,0.006799655882481542
2012-01-31,0.007181574760261118,0.0011182656847437199,0.002836645842825601,0.007316139801528546
2011-12-31,0.005839432389885457,0.0009290784221565057,0.002343702710727706,0.00572447963179623
2011-11-30,0.006474066775146315,0.0010227777330903056,0.0025855825867306275,0.006576476889331522
2011-10-31,0.007310871105310367,0.0011765288496763662,0.002991164670650744,0.006494511383995945
2011-09-30,0.005978120448755027,0.0009553223188604611,0.0024729517996620203,0.004502630937667018
2011-08-31,0.005952417441684724,0.0009517977788601633,0.0024632933958500954,0.004570806401869044
2011-07-31,0.005824374893283441,0.0009375304384331871,0.002442646462219564,0.004334601847603387
2011-06-30,0.005291802913628415,0.0008511033649447322,0.0021962246018696844,0.004016694560752725
2011-05-31,0.005638500325491636,0.0008965140422946791,0.0023374136671180804,0.004433531771627925
2011-04-30,0.00556132847340983,0.0008867093448799811,0.0021853864279284822,0.004206288076972037
2011-03-31,0.006052560711543396,0.0009629566210877949,0.0024042681154530145,0.004474667738551978
2011-02-28,0.0075188864886361634,0.0012052667839001537,0.0030388406855678908,0.0054152436468691105
2011-01-31,0.006512444148609682,0.0010427086812112537,0.0026058387659507257,0.0048973670129335905
2010-12-31,0.006621207895793468,0.001071703619549329,0.0026607063992063634,0.005144528038324842
2010-11-30,0.006558799197493075,0.0010700432778150088,0.002681398909903362,0.005344227345465222
2010-10-31,0.007320298030510336,0.0011864840120105803,0.0029372093957650168,0.006482585279106269
2010-09-30,0.006645090971027796,0.0010921984771595204,0.002748271579109099,0.0051269099539376336
2010-08-31,0.00831808680501501,0.0013614033543837124,0.0034137724685818858,0.005922027517246453
2010-07-31,0.005986958155369117,0.0009777590667110442,0.0024559191224294403,0.0038238500265489633
2010-06-30,0.005555324228334522,0.000894943417884448,0.0022865135185296615,0.003325009051162074
2010-05-31,0.005395091837007252,0.0008707201501329951,0.002248808631784714,0.0031068553750944767
2010-04-30,0.007450270733820705,0.0012144231109647132,0.002912346818705808,0.0037577776892551073
2010-03-31,0.008850104961208069,0.0014428986972901121,0.0034626715004911755,0.004395832915757222
2010-02-28,0.006057117571097079,0.0010019650480358883,0.0024352622284238112,0.0031779797955442356
2010-01-31,0.006272547188097642,0.0010313786466046864,0.0025266610511397876,0.00332403984711106
2009-12-31,0.007950007427458192,0.0013175632157805676,0.003263691358122098,0.0042336957139741385
2009-11-30,0.009113141840490042,0.0015277669694679023,0.00382600455909318,0.005675631366096298
2009-10-31,0.0062618014533839216,0.001047097262107158,0.002626612023081157,0.004837966487895949
2009-09-30,0.008031647949025457,0.001320283070397865,0.003346056118107358,0.00672822680561701
2009-08-31,0.00954384549947933,0.0015582166701788636,0.003939291731269962,0.008418067362541852
2009-07-31,0.008473504970592769,0.0013655348940650386,0.0034333221606128576,0.00783538883005757
2009-06-30,0.009501049972993964,0.0014491923118984853,0.003732100661960883,0.00987141960238024
2009-05-31,0.01650602261103409,0.0024681097127744103,0.00657821763575309,0.016662791209195768
2009-04-30,0.013203849414562357,0.0019337035724477424,0.0050115214141110125,0.01455311677939702
2009-03-31,0.010854730770018473,0.0016378897117662761,0.004311307140604354,0.01171288205636634
2009-02-28,0.009214959835088552,0.0013944275079395927,0.003573143924371448,0.009260523493873733
2009-01-31,0.010950593165090092,0.001621286117478391,0.004247155331539267,0.011532373606406307
2008-12-31,0.012003983035458495,0.00184340112676573,0.004831180840051087,0.013155944034508907
2008-11-30,0.009954765037146962,0.0015405974498199945,0.003999609086019793,0.01046001071902233
2008-10-31,0.00956398993658286,0.001508610799695041,0.003982420797032682,0.009105759029597106
2008-09-30,0.00819220506449249,0.0012692342963680852,0.0033042586168571695,0.007369068403179471
2008-08-31,0.007871523402753223,0.0012106253294010803,0.0031465336808895903,0.006911159068591816
2008-07-31,0.00919519706586543,0.0014134243675117454,0.003675156418650103,0.008606925427593207
2008-06-30,0.00770929171017377,0.0011673521367260521,0.0030645989110552694,0.007124770668077741
2008-05-31,0.008054978898693813,0.0012265898511966242,0.003303886820103904,0.007490453587207415
2008-04-30,0.0075671563556739055,0.0011795433974974641,0.0031373193160551577,0.006832901172449169
2008-03-31,0.007311749562726754,0.0011289704352684372,0.0030452943672537205,0.0067971921585085054
2008-02-29,0.007273224599310631,0.0011502601937553086,0.0031700800915588387,0.006020805083111317
2008-01-31,0.007156711237297334,0.0011294989440044957,0.003077795311238046,0.006008714892181805
2007-12-31,0.006578761433575446,0.0010655894617969306,0.002901060428952957,0.005193465512141447
2007-11-30,0.0068231401959476055,0.0010887443771279033,0.002940118598148022,0.005356796170254399
2007-10-31,0.006935347189230562,0.0011050353285270839,0.0030228232504944533,0.005505515267000479
2007-09-30,0.006131369105316888,0.0009772015545295256,0.002696497191365185,0.0047918530571300615
2007-08-31,0.007023180413488219,0.0011136125343689698,0.003054349095821492,0.005145845921150503
2007-07-31,0.0058968783726989224,0.0009243258697454567,0.002549661582817269,0.004409456656953784
2007-06-30,0.005169025035391305,0.0008121876700160805,0.002269233602480027,0.0040403112169626505
2007-05-31,0.006251716070337061,0.0009729644573797026,0.0026999923750935257,0.005036383675393565
2007-04-30,0.005634910174845318,0.0008860071346069535,0.0022995937956049955,0.004710277260763056
2007-03-31,0.005487430850787587,0.0008546208215074445,0.0023119738978215933,0.004382495668285043
2007-02-28,0.005248046514652927,0.000816450011922407,0.0022137804408648245,0.004340418930150497
2007-01-31,0.005596803369520804,0.0008747669423458678,0.0024313270302561184,0.004357247682169897
2006-12-31,0.005791488116890362,0.0009087997691081727,0.002538308141884136,0.0047779247205082115
2006-11-30,0.006316441859737228,0.000991947109509045,0.0027865277578988912,0.0051376807454223345
2006-10-31,0.006582535296580066,0.0010329736345372964,0.0029572586994518683,0.005559044434668087
2006-09-30,0.004869411506486847,0.0007645736690893751,0.0021715092828740357,0.0039315539710183
2006-08-31,0.005883025930344539,0.0009269970834130407,0.0026840044195792314,0.004553681705347564
2006-07-31,0.0055648791692472456,0.0008730243145655992,0.0025278613520654304,0.004053305838685671
2006-06-30,0.005261566278782701,0.0008245360778954771,0.0024047679995392495,0.0034472055811985347
2006-05-31,0.005297423665546185,0.0008234658947399177,0.0024336519562883413,0.003499963184852882
2006-04-30,0.006008363679433989,0.0009421891575580257,0.0026290950216685356,0.004480541998424425
2006-03-31,0.005846028659908016,0.000919799677393984,0.002616939670111259,0.004529451369980858
2006-02-28,0.00551485989856984,0.0008641778633074892,0.0024073735947150836,0.0044355682918272195
2006-01-31,0.007594142512272105,0.0011967667138234712,0.00335872122123048,0.006365993338014703
2005-12-31,0.005424815680589259,0.0008613123590445182,0.0024898969453557153,0.004620098472127745
2005-11-30,0.009692196887827752,0.0015605044090434763,0.004508114389704223,0.0075185239998059
2005-10-31,0.0053821072280483785,0.00086060880196369,0.0024862061486929372,0.004168694720065727
2005-09-30,0.005379930661891023,0.0008685321951921422,0.002563697038848693,0.004138095447992171
2005-08-31,0.006066998761892505,0.0009681129675064281,0.0028664849561804337,0.004830383062710917
2005-07-31,0.006100896099964531,0.00097337949800683,0.0028671432570669805,0.005017592807180419
2005-06-30,0.005311494120618718,0.0008544064386072443,0.0024806507570420233,0.004325269557555041
2005-05-31,0.005819733409523618,0.0009465587353839938,0.00277312918335528,0.004554409534464306
2005-04-30,0.0096920951465908,0.0015736369009713641,0.0042596487967709405,0.0074849957123447825
2005-03-31,0.006134300596505047,0.0009905915891236046,0.002698496138072596,0.004755657656474786
2005-02-28,0.006158509874494999,0.0009966290810902879,0.002693713746695839,0.00467600431128397
2005-01-31,0.0054571948920720485,0.0008741363028749582,0.002384731175167543,0.00403296083274913
2004-12-31,0.0066622335178914156,0.0010850124288691093,0.002969390914169464,0.005172007055938616
2004-11-30,0.0075410272561611345,0.0012458110492139932,0.00342942627224867,0.005755315018207228
2004-10-31,0.005567396153345131,0.0009196370004261646,0.0025456703208728937,0.00415703544406184
2004-09-30,0.005227798566069196,0.0008659141352297161,0.0024220484400179786,0.003700844449975658
2004-08-31,0.004958612698136331,0.0008105421733434652,0.0022928319253647787,0.003297774965380472
2004-07-31,0.005559662889896919,0.0008904144634409018,0.002498539106817747,0.0034766631135304707
2004-06-30,0.005281825737319318,0.0008384037079813017,0.0023358245648773994,0.003124042709752297
2004-05-31,0.005557327356147269,0.0008579503893605145,0.002442598423672355,0.0029279725862703903
2004-04-30,0.006040836323417013,0.0009437432087905503,0.0025703832654602617,0.003103115095697593
2004-03-31,0.006932123772665748,0.0010851303167039772,0.002952812290284766,0.0035920040590101056
2004-02-29,0.00766161342248228,0.0012264789914934425,0.0033080575838713463,0.004201499459871275
2004-01-31,0.0077905673083041105,0.001265472297713231,0.003455267923578505,0.00426345353676771
2003-12-31,0.006695711354180512,0.0011061667853717308,0.0029345091889477586,0.00395698835336753
2003-11-30,0.006644409240348456,0.0011000140952574192,0.0029398071354465737,0.0038277575941471943
2003-10-31,0.007055193633679768,0.001193813672142893,0.003215523611321995,0.00414785952803169
2003-09-30,0.006668566335231046,0.0011590667407636627,0.0031591659576685415,0.004474888856035409
2003-08-31,0.005969170353853545,0.0010520820441315122,0.0028647088767525843,0.004328992089990346
2003-07-31,0.007161962077528552,0.001290438123307417,0.003509275998121701,0.005793421580283629
2003-06-30,0.006928291788534387,0.0012538823767519766,0.0034282387846789595,0.006533141031983393
2003-05-31,0.008799925880617827,0.0016154926813050298,0.0044664555876836815,0.00842165649983398
2003-04-30,0.006886740975482923,0.0012761904957599363,0.003300341233699837,0.006548723120257425
2003-03-31,0.005730503798208338,0.0010686311917824192,0.0027614421686569576,0.005250834436426841
2003-02-28,0.005261371008804956,0.0009700778608118645,0.0025390441381809245,0.004770928278163473
2003-01-31,0.006601355688368829,0.0012281460685913156,0.0032220179060796477,0.0058817663240682905
2002-12-31,0.005471013657626672,0.0010208139356104296,0.0026819563539303786,0.00465777113658835
2002-11-30,0.008206809781794382,0.0015403524504069984,0.003989189515020874,0.006651631128021557
2002-10-31,0.007885273294628606,0.0014762208331079714,0.0038824011975886535,0.0061186331127711675
2002-09-30,0.00634021810284321,0.0011974294996299735,0.00321978656419098,0.005425954618309096
2002-08-31,0.006908558460541382,0.0013043030756083643,0.0035202788246695206,0.0052797478000508056
2002-07-31,0.006070889601884207,0.0011406306165680027,0.0030904986066708656,0.0044858789606394
2002-06-30,0.005457933719550412,0.0010278761005598485,0.002785788901938702,0.004015247372939832
2002-05-31,0.006419428109141673,0.0012083284948995582,0.0032701793953821474,0.004597700174444526
2002-04-30,0.006665334072438011,0.0012491506090333319,0.0031070292885263112,0.004800264333711421
2002-03-31,0.006125657407458328,0.0011540974117924979,0.0029345602177993815,0.004674917220726164
2002-02-28,0.005948128540362892,0.0011221791663702802,0.0027936363937246292,0.004511371220476015
2002-01-31,0.006980829922507197,0.0013180621207239621,0.003251864241927068,0.004816979609609298
2001-12-31,0.006464860010065872,0.0012320976746822464,0.00306458067929904,0.004661728347059645
2001-11-30,0.006433474504537171,0.0012232432652383122,0.00302710531204576,0.004836201818934322
2001-10-31,0.008295578229387843,0.0015909276940375273,0.003997772273954958,0.006248861486657517
2001-09-30,0.006714999774938867,0.001283393335340901,0.003231406519999006,0.0049316450926252245
2001-08-31,0.03967003142978892,0.007612731183525745,0.018905503597441167,0.028717589198063387
2001-07-31,0.0058790994506819376,0.0011343072701393406,0.0027774284035987948,0.004218623665818133
2001-06-30,0.006250375151159559,0.0012042458049138507,0.002954214473341349,0.004682401954539136
2001-05-31,0.007111162091593236,0.0013753323250986246,0.0033723444437805377,0.00524383625366773
2001-04-30,0.007598060213308079,0.0014589299263990392,0.003454857498408844,0.005690133002305438
2001-03-31,0.006489256467075513,0.0012506990304130368,0.0028711654117252005,0.004688253994115287
2001-02-28,0.0063086709960345705,0.0012005632464678422,0.0027272995142359944,0.004406939615590621
2001-01-31,0.010788051171186449,0.0020981922236145553,0.0050892153488464225,0.008633764893949436
2000-12-31,0.007505851576874757,0.0014682920910331927,0.0037122581000187836,0.005661046624226558
2000-11-30,0.006802395812480305,0.001331288997229754,0.0033506737413840975,0.004843672810198319
2000-10-31,0.006581062257094827,0.001278205461051102,0.003226539615846657,0.004692799973367374
2000-09-30,0.0063103200238240256,0.0012260444691683005,0.0031000590751186657,0.004690997528008709
2000-08-31,0.007406055594232903,0.001440212266000082,0.003758023632890254,0.005456583913221208
2000-07-31,0.006124729525880778,0.0011819610045897882,0.002950997998822187,0.004671147015729268
2000-06-30,0.007429422592246517,0.0014597158259305753,0.0037514365677969756,0.0052753131643660245
2000-05-31,0.006213270352843604,0.0012166142584885717,0.003140103321988723,0.003988029714257589
2000-04-30,0.006885158515110064,0.001321991357112724,0.003144535794222364,0.004267174179263477
2000-03-31,0.008505612794779082,0.0015999243007273924,0.0037566290342578245,0.005626229188057331
2000-02-29,0.01814947625013691,0.003445263646215324,0.008300075657037952,0.012695217920026553
2000-01-31,0.009570558541277484,0.001855610820893969,0.004503005355157021,0.006849229909035504
1999-12-31,0.011210076810749424,0.0021654763370893945,0.005378410082772354,0.008528681423830934
1999-11-30,0.01106587610118418,0.00216859985269212,0.00563751009112525,0.008476782009053378
1999-10-31,0.006201188742794548,0.0012106245444439836,0.0031844623079760274,0.004658030507336335
1999-09-30,0.006035514574899585,0.0011793317540419793,0.003150427590605944,0.004475095401099655
1999-08-31,0.005796524272045521,0.0010948268447236423,0.0028661798537330434,0.004709313009952241
1999-07-31,0.007003857281939048,0.0013018471040077801,0.003464014326932517,0.006156342265025841
1999-06-30,0.006649162992354959,0.0012050082087498545,0.0032014823462638907,0.005976900462343208
1999-05-31,0.006658547558885109,0.0011869810136333689,0.003128471487545359,0.006138873528631719
1999-04-30,0.009741296481834338,0.001791011129817529,0.004575168791440698,0.009329193158769176
1999-03-31,0.007711323964178521,0.0014305072615843505,0.003787989454091783,0.006915065288134054
1999-02-28,0.0063864687777654095,0.0011680696152169602,0.0029887781108834037,0.0055317483115520745
1999-01-31,0.008723826542205448,0.001628211615476235,0.004258677316184391,0.008444750431660078
1998-12-31,0.009096592618870327,0.001636076843884714,0.004185872636492077,0.00894772149040914
1998-11-30,0.011115683751524726,0.00200858538784356,0.005253401003880292,0.010965326557664886
1998-10-31,0.007376909407499425,0.0013297289918866957,0.0035294159313175285,0.0074495515186050335
1998-09-30,0.00711004855171635,0.001374941178094608,0.0037369640332872755,0.0062473709702513805
1998-08-31,0.005150177829107197,0.0009705355089915832,0.002638723454599338,0.00425282834405128
1998-07-31,0.006037463162757773,0.0011312316801362883,0.0030686530816334745,0.004852970884846862
1998-06-30,0.00501896144389198,0.0009325013268912403,0.0025555727143948973,0.0036849098475725873
1998-05-31,0.008256693455184337,0.0015395940323735986,0.004222684994344473,0.005841493253177965
1998-04-30,0.006473992259825606,0.0012241129290968778,0.003187559973850216,0.004868986083794929
1998-03-31,0.005781181689403269,0.0010788991945269168,0.0029088151131948783,0.004691211654510783
1998-02-28,0.005808711154463843,0.0010916142824867144,0.002903877414393425,0.004486447331088989
1998-01-31,0.005705060516882229,0.0010798966514696529,0.0029729194333812307,0.004527289673909276
1997-12-31,0.005612511012068405,0.0010438196476306829,0.002838419336398966,0.0042623770286733115
1997-11-30,0.004843032308505171,0.0009033911913292215,0.002409130690013942,0.0034866383493100633
1997-10-31,0.0057233911685415405,0.0010709255606123954,0.0028190285138077515,0.004276986045802763
1997-09-30,0.006282350852609444,0.0012112843847847286,0.003172671920571753,0.004813157776672142
1997-08-31,0.005391925230883067,0.0010493502851064292,0.0027761617017616866,0.004371474112994096
1997-07-31,0.006409759834556602,0.0012323375825608702,0.0032271320958571323,0.005513455130909134
1997-06-30,0.005320409040207782,0.0010125475656842112,0.0026451895266234693,0.0048047449731208666
1997-05-31,0.005786772871225113,0.001123797367401264,0.0030476556443998336,0.005293429855276432
1997-04-30,0.004887679679711535,0.0009546027873800076,0.0024537297143564212,0.004231873539344088
1997-03-31,0.004677780532284524,0.0008985629844015499,0.002362639240902387,0.003956530565996219
1997-02-28,0.004883959388122503,0.0009341557037900351,0.002407258289408905,0.004093497050411066
1997-01-31,0.006115919983870703,0.0011862069069447428,0.0031219544238647663,0.005267238838101662
1996-12-31,0.005096100920816892,0.0009868046252629874,0.002620598548909511,0.004310612196903085
1996-11-30,0.004909047354393699,0.0009530014866396097,0.0025489833849630258,0.004223511384473066
1996-10-31,0.004997716135551488,0.0009593210398229792,0.0024847085904689424,0.004458040495621924
1996-09-30,0.0050537102168722835,0.0009703722588973395,0.002527775676634766,0.0044367123868366614
1996-08-31,0.004669995626395855,0.0009037915251048207,0.0024597797659717878,0.0038690526838973294
1996-07-31,0.004635941339792129,0.0008828093743053993,0.002402104227285066,0.003558412533713678
1996-06-30,0.0054360087023980815,0.0010355166683963337,0.0027660240289705193,0.0042717584447079515
1996-05-31,0.009928582780746032,0.0019237806223816045,0.005164116665927049,0.008102430367314353
1996-04-30,0.006557353381380058,0.001294649751106127,0.003376290956027293,0.005419473670380834
1996-03-31,0.005428239346474744,0.0010649931525959463,0.002867493021665701,0.00458549345690713
1996-02-29,0.006330794594940407,0.001252489192397697,0.0033234805229998437,0.005373065506280459
1996-01-31,0.006334993257977294,0.0012589688095014308,0.0033929727054322614,0.005331690955478539
1995-12-31,0.005330395059493679,0.0010560730322551675,0.0028631242919689606,0.0044319480719216126
1995-11-30,0.005103762937435683,0.0010052802750826508,0.0027446824599939128,0.004287305751809928
1995-10-31,0.004948851372442108,0.0009626621365642693,0.0025952930142696153,0.00418178791273215
1995-09-30,0.005587084422417128,0.0010927321025568165,0.0029955602277519948,0.004758708175254939
1995-08-31,0.006711130395723764,0.00132642553937599,0.0036216603125514813,0.006055701126056432
1995-07-31,0.006306243691009061,0.001253423665125687,0.003372125547387626,0.005943006167374775
1995-06-30,0.0058660149113684895,0.0011744227388049038,0.003171078434710957,0.005762416285204482
1995-05-31,0.005216793388352236,0.0010377588164318275,0.0027693657445104934,0.005272657513787352
1995-04-30,0.004749828480898371,0.00095562754450843,0.00240907337509083,0.004883575683589569
1995-03-31,0.005597413292388329,0.0010643243521102155,0.002835192264386157,0.00597622593958082
1995-02-28,0.005418529200851622,0.0010319404900103314,0.002752910330367649,0.005598440437492116
1995-01-31,0.005585586411431022,0.0010841313648060464,0.0029160509004263735,0.005868607664479707
1994-12-31,0.005123469727245443,0.0009969344492277692,0.002647950327691636,0.005055726469717942
1994-11-30,0.005064335655950443,0.0009747701121725805,0.0026197889457624107,0.0050256220005774135
1994-10-31,0.005505718420648986,0.0010595192869621913,0.002858135226972453,0.0054797680968101
1994-09-30,0.004788018012064142,0.0009253455990258563,0.0025275258489574812,0.004873095699333813
1994-08-31,0.0059806389702681435,0.0011604802111779436,0.0031842626806910623,0.005963373022321985
1994-07-31,0.004833066426107569,0.0009416113314150982,0.002611014450482716,0.004562425089433144
1994-06-30,0.004916047963745403,0.000952404907575424,0.002628698319015665,0.004412864109305135
1994-05-31,0.005202591364600629,0.0010043372552793156,0.0027914781621277605,0.0045770081834788055
1994-04-30,0.004629723768269594,0.0008898157701072144,0.002244345101018556,0.0038896649511424297
1994-03-31,0.005133792801972757,0.0009701684083293186,0.0024809242536027345,0.004142351429604702
1994-02-28,0.0055605762695904145,0.0010557276582099954,0.0026991062559783715,0.00456348125396534
1994-01-31,0.00634841159540065,0.001205715065905115,0.0030887439024495505,0.005041932268792162
1993-12-31,0.007360660370479746,0.0013968522748848931,0.003579717287179706,0.005434866966578525
1993-11-30,0.005682927208860509,0.001075962444426384,0.0027613965588540426,0.004114465925965798
1993-10-31,0.0063913548259880906,0.0012247741454097054,0.0032179447643896175,0.004886148995693052
1993-09-30,0.007525855003385922,0.001449353499682006,0.003862252281710269,0.005938135123663371
1993-08-31,0.0059365031343033645,0.0011520175133489215,0.003083738394942686,0.004816184856574788
1993-07-31,0.005634946070829621,0.001101398491279724,0.0029125210121419623,0.004588122501647478
1993-06-30,0.007216207257610292,0.0014184159009750458,0.0037252685187282217,0.006038425187560212
1993-05-31,0.0065443561622322375,0.0012980582289999802,0.00343409127464414,0.005427583020806235
1993-04-30,0.005744444478401678,0.001128032634905711,0.0027257718345546065,0.005023930744804024
1993-03-31,0.0061510243576325795,0.001201162966606213,0.003001959400816957,0.0054835600541613344
1993-02-28,0.006338956967651201,0.0012397636801621777,0.0030417634034879625,0.005602742882866549
1993-01-31,0.00743927807113161,0.0014618516905052855,0.0036233361936427472,0.006318283942158732
1992-12-31,0.005936015900940874,0.001179139960047463,0.0029105133848014667,0.005376497611932787
1992-11-30,0.006700079616680252,0.0013442897508546255,0.00336130639795999,0.006401595304715583
1992-10-31,0.006021042786225733,0.00121145854462647,0.0030709210046523223,0.00564078628316467
1992-09-30,0.005533025117029977,0.001113955836701621,0.002881450962743512,0.005012283233733984
1992-08-31,0.004885594809744677,0.000983817013783894,0.0025851317748376793,0.004332224279080668
1992-07-31,0.005421260457133931,0.001092781343268615,0.002901611915919856,0.004580547133388555
1992-06-30,0.005733513201905091,0.001150997877326706,0.003058273807475599,0.004960527258512161
1992-05-31,0.005642912701966685,0.001132549166354256,0.00302984243734979,0.00478542661465246
1992-04-30,0.005223230264087399,0.001039393161023404,0.0025763331002475014,0.004211630275367805
1992-03-31,0.007308165761601259,0.0014569516120994167,0.003760741668784295,0.00610851906229311
1992-02-29,0.008512709081306184,0.0017277438273269382,0.004467616198868982,0.006958999344254324
1992-01-31,0.009173198973376082,0.0018402832036674424,0.004752576153423277,0.0074379630365564355
1991-12-31,0.006103649532692584,0.001238986148860757,0.0031911629763630416,0.004850081563082708
1991-11-30,0.006501669412882538,0.0013467001703469244,0.003450900171988828,0.005173874209009835
1991-10-31,0.006653188542144567,0.0013954388918452952,0.003608381586498683,0.0055103573166910705
1991-09-30,0.006027182351485682,0.0012651792075993975,0.0032765631663405604,0.005428042312673961
1991-08-31,0.007065293427808096,0.0014749817958984324,0.003811455888789078,0.007313083793106241
1991-07-31,0.006167488485117165,0.0012936674498792047,0.0033443227520990595,0.006352183438641452
1991-06-30,0.005786285554547476,0.001209759984583878,0.0031501153942807628,0.0059297810560286004
1991-05-31,0.0055328968910574785,0.0011669972721080966,0.0030239632234126544,0.005435295901445001
1991-04-30,0.006256574440470792,0.0013016489138716757,0.003179241060316216,0.006373867831642475
1991-03-31,0.006918965053598033,0.0014158592369793639,0.003577028824985699,0.007408008170731337
1991-02-28,0.007692282024550783,0.0015613382095502374,0.004026583744540963,0.008894257085961635
1991-01-31,0.007597897612640595,0.0015289723711432585,0.0039290831149310125,0.009488690466752693
1990-12-31,0.005983175496956423,0.0012040143471540841,0.003076151213626724,0.007383862298258608
1990-11-30,0.007661104918426472,0.0015830461070200212,0.0041053952972104225,0.009317917100816558
1990-10-31,0.006307423994942414,0.0012873522653159071,0.003370583563940095,0.007848785873387954
1990-09-30,0.005355783164642201,0.0011314684923562257,0.0030325392033915223,0.006033711483261085
1990-08-31,0.005020631605132322,0.0010514294185014444,0.0028069821965772475,0.005441520192732851
1990-07-31,0.005286829033563093,0.001098368641351037,0.0029215678876883823,0.005694352880542348
1990-06-30,0.00596470450257452,0.001226435921300758,0.003224787040733285,0.007072330459967221
1990-05-31,0.006034912603535591,0.0012672876656276825,0.0033760422236962617,0.006840554566094975
1990-04-30,0.005296431050641297,0.0011150396810681942,0.0028758157004438933,0.0061157952783126345
1990-03-31,0.005409356368443219,0.0011353392495067063,0.003100141232394187,0.006463919024597443
1990-02-28,0.0050520281233378235,0.0010787787425881564,0.002969299627425691,0.005546315721484229
1990-01-31,0.005166770518297693,0.0010988664530596198,0.0030274908215210524,0.005449159130884543
1989-12-31,0.0047158373161385455,0.0009992060270140797,0.002775778731130318,0.0048185713232300155
1989-11-30,0.005196536269620052,0.0011050954010170747,0.0030190814865067436,0.005295890111937442
1989-10-31,0.005207485244648265,0.001105004273881489,0.002988801587704833,0.005242558891634144
1989-09-30,0.004966859529072933,0.0010563226455453717,0.002863062669744179,0.005060659307984991
1989-08-31,0.005402156357405416,0.0011359134203857524,0.0031014942967793565,0.0057500963529021525
1989-07-31,0.004976709383197311,0.0010455214149564507,0.002909991909128369,0.00514128574653626
1989-06-30,0.0050321762868731105,0.0010593639094632098,0.002893158391667554,0.005220111670142622
1989-05-31,0.005734255354865078,0.001206093559794021,0.0033263292415095466,0.006186176892846598
1989-04-30,0.004919988709481666,0.0010544089973129843,0.002806143846974658,0.005676268069345251
1989-03-31,0.0053991658379685566,0.001144239779104298,0.003190867166007229,0.006016994928305227
1989-02-28,0.004912321502531959,0.0010456509972552879,0.002885916377435884,0.005476839931383701
1989-01-31,0.005977728192549677,0.001270344442837127,0.003526683853211074,0.0062426986440414335
1988-12-31,0.0049897672076634906,0.0010718104191374243,0.002958290361814164,0.005040108055936823
1988-11-30,0.004406702331746308,0.0009370251048180577,0.002619516154138557,0.004566352402718798
1988-10-31,0.004768190613305225,0.0009564641220424422,0.0026088726630560293,0.0060042880660011
1988-09-30,0.005674837871530828,0.00114473016116574,0.0031307885514149903,0.0071725115003715
1988-08-31,0.005041119249562437,0.0010147425997014466,0.0027612254119144326,0.006098339795063297
1988-07-31,0.00504239559182562,0.0010089791930882168,0.0027713636658138765,0.006084169799383659
1988-06-30,0.005468246118550069,0.0011203813142415503,0.003056370718523299,0.0064229529895684445
1988-05-31,0.00487471165877694,0.0009904894070222145,0.0026963535048814646,0.005567703030807776
1988-04-30,0.005042828725091194,0.0009897846938343316,0.0024922084273280767,0.006047284140446714
1988-03-31,0.006107692456315538,0.0011892598218393648,0.003196225445701025,0.007554170446717871
1988-02-29,0.006321764050578456,0.0012590910488022244,0.0034319059733954904,0.007493423316150736
1988-01-31,0.006678531946249395,0.0013942794698366553,0.003765382664719238,0.007788741194890413
1987-12-31,0.006593764149884872,0.0013866677822734728,0.003707134263507991,0.007627578361376652
1987-11-30,0.005757794886244888,0.0012461098740385267,0.0033664905350039172,0.005368886409580911
1987-10-31,0.005254871578944103,0.001069787414200597,0.002896985482753245,0.004600097239190629
1987-09-30,0.005277751973556889,0.001056814348842667,0.0029353494837241986,0.0047467954740794596
1987-08-31,0.005335262624316633,0.0010720302870807694,0.0029150250203547256,0.00485243729925144
1987-07-31,0.005895980275907238,0.0011726299618685602,0.003169652756959968,0.005630704319087451
1987-06-30,0.0055710054892850035,0.0011144410285898957,0.003012811065451813,0.005343396136815763
1987-05-31,0.005405571344715423,0.001096462731126506,0.0029925741910750247,0.005270091923025715
1987-04-30,0.005479616076123656,0.0011182216766872372,0.002881076005455253,0.005683995987285034
1987-03-31,0.00674051489829933,0.0013769784461870047,0.003618292353798072,0.007328682072682435
1987-02-28,0.006519061966512763,0.0013344978802198406,0.003552541141860613,0.007415756092751325
1987-01-31,0.006439151074883273,0.0013571417214623901,0.0037369680689908653,0.006908316818192428
1986-12-31,0.004998577009888956,0.0010501422272232498,0.0028934778349359196,0.005090323869097283
1986-11-30,0.00518279047189983,0.0010927498291828056,0.0029825914618882106,0.005278686788830342
1986-10-31,0.005492864568755471,0.0011874188872985048,0.003203935967408901,0.0049225301510657455
1986-09-30,0.00488043346967444,0.0010205839039023087,0.002814862686150611,0.004462034894016278
1986-08-31,0.005077801164461669,0.0010726809483994231,0.002929548460963257,0.004473479188375816
1986-07-31,0.005642058544159431,0.0011661007508030233,0.003183748559982095,0.00493693407467037
1986-06-30,0.006108197426133338,0.0012603685830789861,0.003446972655395333,0.005447483707387636
1986-05-31,0.0060528649985621815,0.0012749710796297648,0.0034497363032980006,0.005340951644073633
1986-04-30,0.005972194072518096,0.0012775220682875804,0.0032882428151840945,0.005580604542078665
1986-03-31,0.006522369480253091,0.0013709044181892773,0.0037469391601192455,0.006607594357573851
1986-02-28,0.006894611618899034,0.001461035353854775,0.0039639784030147274,0.007055936834978794
1986-01-31,0.006126133096245448,0.0013156239182288382,0.0036909943495953977,0.0061475640789307555
1985-12-31,0.0052754164340059785,0.0011397841730525513,0.003233367970621198,0.005654148697100673
1985-11-30,0.0052831544395727445,0.0011442605346149493,0.003185823943682858,0.005983641866537286
1985-10-31,0.005112488010797609,0.0011159330884545288,0.003099203178066312,0.005466832393608471
1985-09-30,0.00432510342897067,0.000932382493335112,0.0025352663055022437,0.004366498901341309
1985-08-31,0.005472820578852651,0.0012036392056465686,0.0032432809206590385,0.00530023372476843
1985-07-31,0.004917716387186645,0.0010814130421008834,0.0029109736124703846,0.004962613304525362
1985-06-30,0.004569550208500656,0.001002166539761564,0.002702637258874594,0.004746928977212805
1985-05-31,0.0052350820294670775,0.001138865220510322,0.0031090416990130097,0.005411792315862189
1985-04-30,0.004572430698108058,0.0009979750462929134,0.002543715796528701,0.005033296508750632
1985-03-31,0.00564843745087954,0.001207572911624863,0.003180123910978888,0.006452109329321325
1985-02-28,0.0067673267898054335,0.0013846969626065111,0.0036498377364034386,0.008127456883360756
1985-01-31,0.006809804857840744,0.0014263323223633198,0.003866489728414889,0.008695743450867608
1984-12-31,0.005237024165827422,0.001108952309174322,0.0030090377623461055,0.0065352145501761235
1984-11-30,0.00491886799792778,0.0010465574937764722,0.0028026867141986143,0.006202803365619213
1984-10-31,0.0051823083218131135,0.0010780337562586206,0.0028469089267396048,0.006315450774100072
1984-09-30,0.005360603668268083,0.001088509078519162,0.0028665794202482374,0.00661409471540152
1984-08-31,0.006533983031199537,0.001356005889203335,0.0035268457246303312,0.00814284255146308
1984-07-31,0.005096659931568954,0.0010375663096971286,0.0027150026795121685,0.006376302920255224
1984-06-30,0.005134590000119269,0.0010845963048206916,0.0028264134643175,0.006109191565815977
1984-05-31,0.004838195102551088,0.0010300682223724795,0.00278523642565091,0.005410734658478604
1984-04-30,0.00451990530087074,0.0009646126312373439,0.002410072512047078,0.00482618133025963
1984-03-31,0.005182872646524735,0.0010832898242205942,0.002803155595515622,0.0049957144193518155
1984-02-29,0.004530402818752184,0.0009394054698909109,0.0024114699172050284,0.003973544874461491
1984-01-31,0.005633038790559713,0.0011272537250536269,0.002925995953596814,0.004440290180404147
1983-12-31,0.004990622485805974,0.0009983647021908758,0.0025676687035045987,0.0040628246530150965
1983-11-30,0.005761506905901302,0.0011221508711962832,0.0029137359147675,0.004031358822938166
1983-10-31,0.005679691836171678,0.0010580381496305908,0.0027720057896164366,0.003655663826753011
1983-09-30,0.005563370537482576,0.0010256252557696993,0.002685110614725232,0.003335222093185785
1983-08-31,0.006215368059753781,0.0011559753315495316,0.0030655603992263683,0.003690597695777778
1983-07-31,0.0058411871138704195,0.0011054618949236212,0.0028355904705292547,0.0035207709066483084
1983-06-30,0.00752002584723011,0.0014909499841670153,0.0038780895274967467,0.0047765529471185215
1983-05-31,0.007691735771157223,0.0015367198313397327,0.0041171554375790875,0.0054155871119489106
1983-04-30,0.007055608064611624,0.001439108977137706,0.0037536751664189855,0.005195860027113125
1983-03-31,0.006930043598133573,0.0013996723401978393,0.003832679005210009,0.005389007556801916
1983-02-28,0.0064560581308589415,0.0013384012170824812,0.0035350620369746398,0.005245643096447199
1983-01-31,0.008472068195052892,0.0017657714864890927,0.00478817917916839,0.007151890100443025
1982-12-31,0.006643808249449993,0.0014012805252903787,0.003757459100108638,0.006374084015261152
1982-11-30,0.009296532116007457,0.001883552773504172,0.005222206859321469,0.009680091886986692
1982-10-31,0.00860904294826462,0.0017578285908121357,0.0050722915692536456,0.008977159956320813
1982-09-30,0.006372532913118079,0.0012920393351306579,0.003738536622894717,0.007015828222662736
1982-08-31,0.007023875332994451,0.0014039434868142087,0.003973411618008728,0.00843718472005461
1982-07-31,0.006367565331151052,0.00126077245917896,0.003596204467258906,0.008237676978314264
1982-06-30,0.006012590533808179,0.0012017661744828851,0.0034248663726095317,0.007138529756722272
1982-05-31,0.005195482688966564,0.0010318921797632314,0.0029617113088708643,0.00624296673979976
1982-04-30,0.006155441070130715,0.0012345275716233704,0.0034642407716017113,0.007462567718568557
1982-03-31,0.006255542995438503,0.0012680546411796866,0.003592969313728924,0.007152905464543165
1982-02-28,0.0058794907832001135,0.0011821616304124847,0.0033173541208350497,0.006186734993526608
1982-01-31,0.00578692830898953,0.0011576747711904572,0.00320482072095433,0.005624555920590378
1981-12-31,0.005748369796010559,0.001154648466838692,0.0032028321849896803,0.005589124502338651
1981-11-30,0.006137206825511629,0.0012324009838987932,0.0033795824360578763,0.006718685627715093
1981-10-31,0.007041234941258902,0.001416154846362836,0.004054677586482036,0.007546781837666344
1981-09-30,0.006134171747868569,0.0012052959418684256,0.0034365632437980092,0.005521126759067557
1981-08-31,0.005544235636567457,0.0010500012974591106,0.002969104126121633,0.0043855219357736164
1981-07-31,0.006206961313581259,0.0011535211998169833,0.003406723646178612,0.004330807017309003
1981-06-30,0.006558026778993951,0.0012165552650479376,0.0035044608723812376,0.004810030292125016
1981-05-31,0.007329272428917524,0.001347466176150316,0.0039479009348481415,0.005378119046824262
1981-04-30,0.006764563911176086,0.001259750871493431,0.0035927781054888755,0.005399494948442932
1981-03-31,0.007489057707220748,0.0014983354742963376,0.004236949805738491,0.007516681218365261
1981-02-28,0.00595271800655143,0.00121472376695793,0.003546770195018175,0.005841986537422708
1981-01-31,0.006446646512917298,0.001270372663297784,0.003745377503490091,0.0051678502442187866
1980-12-31,0.006457873235473199,0.0012462807936198836,0.0036010668008960196,0.005401443135113196
1980-11-30,0.008030552895923184,0.0015322984598758523,0.004771928184583136,0.006744625083177621
1980-10-31,0.006493465436572337,0.0013036371539976725,0.004061136060782976,0.006475148312445807
1980-09-30,0.0066082109312403225,0.0013650091885988032,0.004294526000038881,0.007258785795917097
1980-08-31,0.006941225033494742,0.0014409789442567814,0.004453525529566059,0.007736549300064354
1980-07-31,0.007131994062327393,0.001483177852722592,0.004597798566538353,0.008018582050626128
1980-06-30,0.005823689124938065,0.0012155127850326376,0.0038782824000953334,0.006424208450094614
1980-05-31,0.005920641215078634,0.0012397146073263744,0.0039410987297011394,0.0069341438950261585
1980-04-30,0.006541688871279405,0.0013182236643417028,0.004112724506190164,0.0052464804833315054
1980-03-31,0.005731363966240265,0.001138231223380395,0.0035362558729228446,0.0044170952573563795
1980-02-29,0.0060846089484149005,0.0012550240044319943,0.003954500349187584,0.005667517985181366
1980-01-31,0.008952378336807966,0.0018121470519023746,0.005483719643546273,0.00783351304120676
1979-12-31,0.007036370821829241,0.0014499349406061365,0.004446882405971376,0.007045958141499404
1979-11-30,0.006779111424644006,0.0012997241945894714,0.0041214213689676595,0.005496531304646665
1979-10-31,0.004974552854457449,0.0010597666829893855,0.003255536409542557,0.005780120108629544
1979-09-30,0.005341337868392084,0.0011427564002563769,0.0034751170967959456,0.006511652069008147
1979-08-31,0.006337809971291986,0.0013392627413468714,0.0042401089161863215,0.007402877083644833
1979-07-31,0.005264591869008488,0.0011143399498033352,0.00354818974011495,0.006193792680361231
1979-06-30,0.0065632836310741465,0.0013909565538925178,0.004472688717829348,0.007942919177289676
1979-05-31,0.00641008218814495,0.0013405731508976818,0.004412858501467784,0.007421040767406258
1979-04-30,0.005667002559918952,0.0012000154289244485,0.0035949012714170054,0.0069567443683108835
1979-03-31,0.0068529194082500786,0.0013994158859929797,0.004268738424254255,0.00693124840329482
1979-02-28,0.004896510525271622,0.001033666402609309,0.0032180696274724035,0.0050881714029015895
1979-01-31,0.006820164760036925,0.0014285489493828113,0.004241722058741566,0.007299354088882882
1978-12-31,0.005720060790530718,0.0012231588469614001,0.003658883346826169,0.006814220262190396
1978-11-30,0.007554319736055257,0.0013968036994669076,0.004101649232358995,0.004955107395187839
1978-10-31,0.00665392804469912,0.001272806691098441,0.003742639789346765,0.0045474824076560975
1978-09-30,0.006404478486264261,0.0012656209366065324,0.0036778615416586053,0.005148328831420419
1978-08-31,0.009727527599921522,0.0019588624039718473,0.005722524886492544,0.008896494102880216
1978-07-31,0.006480455440858229,0.001304999228168181,0.0038079151826029777,0.005774372512348461
1978-06-30,0.0064390475500562695,0.0012995684386115298,0.003861678175593789,0.005881146566625431
1978-05-31,0.006822178395718518,0.00142820078785093,0.004298880663345013,0.006976282969601075
1978-04-30,0.006252137785639267,0.0013512618851079863,0.0038946790776123444,0.007350011211423288
1978-03-31,0.005797033410245568,0.0012595059583594736,0.003672771863843645,0.007060559701643823
1978-02-28,0.004873648603557363,0.0010577329100193336,0.003132317114899163,0.005682961061190754
1978-01-31,0.004948279673200153,0.0010626379315882071,0.0030285511835673284,0.00544817519844533
1977-12-31,0.0053925176900240495,0.0011465434063024674,0.0032795695803613774,0.005597724294031773
1977-11-30,0.006193236563863233,0.0012804807669955897,0.0037081176140870854,0.005915050381965468
1977-10-31,0.005213884213423981,0.0011035191949541282,0.003222465933073352,0.005273056228985403
1977-09-30,0.005116559203571948,0.0010689817991366968,0.003109721760715762,0.005014143870541334
1977-08-31,0.005042304587435275,0.0010769588199008324,0.003238438406386608,0.005053991400708026
1977-07-31,0.004641693569457181,0.0010206841476283473,0.0030563548872348254,0.004934044183000416
1977-06-30,0.005928770407706838,0.0012947793450593889,0.003965453344091241,0.0061787988692337025
1977-05-31,0.004814036922013736,0.0010651141974492902,0.0032831900568888587,0.0053565233812813105
1977-04-30,0.004932071261870033,0.0011157821707798508,0.003253948438029419,0.005678119875713365
1977-03-31,0.004820757862453696,0.001091057827088721,0.0032206454569681606,0.005475944627578043
1977-02-28,0.0050633942185868246,0.0011195453135710203,0.0032832438056600863,0.005647552182898077
1977-01-31,0.0068630903297736785,0.0014562904392117332,0.004192439789295592,0.006043780149198595
1976-12-31,0.006672574203510804,0.0014163403769801507,0.004037422023518159,0.005962946262585381
1976-11-30,0.006011173224880959,0.0012526402979910346,0.0035943815906564216,0.005100590424906778
1976-10-31,0.004811841345585519,0.0010210841714777955,0.0029200445192175796,0.004183082950119751
1976-09-30,0.005416622643597731,0.0011556367032536303,0.0033384222448934026,0.004709765632207713
1976-08-31,0.004942165088973068,0.0010922020178347838,0.003161563289463408,0.004623477726061654
1976-07-31,0.004849200727589853,0.0010740808471921648,0.0030198226555900216,0.00448060839432116
1976-06-30,0.005846540528339953,0.0012476815282387987,0.0035129011671441363,0.004610982009736386
1976-05-31,0.006026192788879569,0.001243885428587647,0.003526211920208868,0.004308074757755835
1976-04-30,0.005473629208400168,0.0011383898066999248,0.0030364679678865324,0.003925794624209446
1976-03-31,0.006726795507533865,0.0014366310152218716,0.003975554538055266,0.005102900276716141
1976-02-29,0.00797334291086088,0.0017732327323261535,0.004948641217141692,0.007163059259722066
1976-01-31,0.010840947882915569,0.0021499507639179925,0.005708269476594975,0.006131167278337569
1975-12-31,0.006433042712920031,0.0013340716764398955,0.0035750249501764943,0.00431912758749046
1975-11-30,0.006882711202713337,0.0014505296847169163,0.0038885231304797165,0.005066354018631114
1975-10-31,0.007473997033586342,0.0015128121393136627,0.004242957648990564,0.005073374586226718
1975-09-30,0.005686088402629807,0.001166513699640424,0.003203222576293523,0.003952897955577041
1975-08-31,0.004966384884667635,0.0010791933579662176,0.0029373430710034542,0.003772414583742467
1975-07-31,0.0065624879650093984,0.0014815628084401539,0.00396111892899592,0.005613743609077495
1975-06-30,0.008089152888790445,0.001849577051263529,0.004884420986256066,0.007753243461484443
1975-05-31,0.008340193800560943,0.0019166451262597757,0.005049379144290563,0.008980691439268997
1975-04-30,0.008176961895466552,0.0019041354902282607,0.004927961634178783,0.010205109119072546
1975-03-31,0.008818539620474053,0.0019812339758966888,0.0052116064397631275,0.011406603957658253
1975-02-28,0.009312804975541924,0.0019220684305565373,0.005212174362290171,0.011154831936491265
1975-01-31,0.012433349696511609,0.0027107772129512046,0.007129735394532627,0.013555144517898339
1974-12-31,0.007407265767391766,0.0016350299776314717,0.004321956950913503,0.008115496782179711
1974-11-30,0.0080171864964965,0.001577054482317164,0.0041396517654378705,0.01076634817239957
1974-10-31,0.012307670675498556,0.0025636860811199483,0.007206750683687591,0.015112697136430672
1974-09-30,0.007130454575861878,0.0015605105218721887,0.004256815365354639,0.008617697687860044
1974-08-31,0.00681622670079342,0.0014926775772599894,0.004099693792551567,0.008888910787543978
1974-07-31,0.006551889350491802,0.0014954199015430065,0.004045192665435386,0.008169490862142834
1974-06-30,0.0057563988593950805,0.0013240756990298558,0.0035870042625706726,0.006776862430516115
1974-05-31,0.005634213585149637,0.001297242740297313,0.0034992447729397884,0.007096241222210906
1974-04-30,0.005568822816582211,0.001273860846476595,0.003265910824578592,0.006580877392792019
1974-03-31,0.006629423556798254,0.0014868675457769618,0.0039501165185952146,0.007962880866273213
1974-02-28,0.007434086336265363,0.0015216466089580973,0.003870099892918222,0.008338838904908191
1974-01-31,0.01123635094776536,0.002317839363705913,0.005965083531266639,0.01392312427566329
1973-12-31,0.0075640189386837475,0.0016947618039865615,0.00445621055061745,0.009557743226945845
1973-11-30,0.007298471355991359,0.0016211312855150992,0.004024613782236527,0.009674238055758688
1973-10-31,0.008454770700037138,0.0017938597382591397,0.004443165598474423,0.010718861639352548
1973-09-30,0.008507971997752934,0.0018042310325564665,0.004477000948498028,0.01135069634843099
1973-08-31,0.007321958525388846,0.0014845662556918792,0.0034773082189601553,0.008774924134956626
1973-07-31,0.010789566653708012,0.002199818044820356,0.005266020535749195,0.013271080536454566
1973-06-30,0.007478912618373698,0.0015665849235837203,0.003800238976574218,0.009726097906586817
1973-05-31,0.0067932694398402825,0.0014524950259649683,0.0035852452308107116,0.008931148851489332
1973-04-30,0.006675926702494394,0.0014353468671032793,0.0034408271549811135,0.008927921640776064
1973-03-31,0.006091737095867612,0.0013643952414915154,0.0033811339198733257,0.00816784990121827
1973-02-28,0.006177564012334365,0.00142587792583,0.003511116372272756,0.008058652733262343
1973-01-31,0.006746390003237115,0.0016130537294555122,0.004107561560713856,0.00849530445966722
1972-12-31,0.005660465372276289,0.0013431218802843902,0.003523782948752114,0.006329650304603749
1972-11-30,0.006402296048863279,0.0015217277912142064,0.003977540818596103,0.0072977658047323965
1972-10-31,0.005651960722735788,0.0013377196698480074,0.003481742773680564,0.006523099735157381
1972-09-30,0.004599965212657267,0.0010847165364387052,0.0029088461308025447,0.005262264140832619
1972-08-31,0.006330087087706093,0.0014828133275135709,0.0039088035766769325,0.00663919462275088
1972-07-31,0.005912361786426672,0.0013809869132730217,0.003592030479084301,0.00637638870836602
1972-06-30,0.006015107803817297,0.001396167134463356,0.0036651736517460554,0.006663966113145836
1972-05-31,0.00596086213427419,0.001361951497994961,0.0036377957628897727,0.007275469637394451
1972-04-30,0.0064085949629356055,0.0014843659258997816,0.0037213037244686396,0.007508684596650364
1972-03-31,0.006530348830861335,0.0014959464397885963,0.003875980152063581,0.00759733996780218
1972-02-29,0.007788605736057281,0.0017772195183360768,0.0046970437496209536,0.009356885648749345
1972-01-31,0.008334404930143759,0.001971277542011706,0.005096626588609237,0.009774471939811137
1971-12-31,0.007510930518505778,0.0017633124482060668,0.004498887830382003,0.007733153359660512
1971-11-30,0.005816143697350356,0.0013666677232229167,0.0035017849678247045,0.0054879251641860504
1971-10-31,0.005620440813774156,0.0013372463491715932,0.0033998083313219294,0.005754031999339137
1971-09-30,0.0062511013891905194,0.001440193436539744,0.00385239268679698,0.006340007544257781
1971-08-31,0.007959729762850032,0.001768909523749999,0.004613754777824514,0.00649354037487835
1971-07-31,0.006369275346831976,0.0013915647265286713,0.00361226291476153,0.004884465984016556
1971-06-30,0.00606004296811762,0.001333232729466393,0.003506647713223228,0.005056797732314216
1971-05-31,0.006148704209696929,0.0013731038436237291,0.003625461621854403,0.005923068575632761
1971-04-30,0.00775698434494732,0.0017882026665067554,0.004281044363310644,0.008978817727012143
1971-03-31,0.009087847275735115,0.002070879472022684,0.00507097853735377,0.010867916368121629
1971-02-28,0.008365675940275643,0.001859184295042165,0.004373689128418078,0.00953075519587901
1971-01-31,0.010241108194708646,0.002205386882376339,0.005399348901849532,0.012616566313362632
1970-12-31,0.009757613338739791,0.0020059657884434648,0.004856794571063579,0.01234811656684119
1970-11-30,0.011447535370467745,0.0024188566846193487,0.005555567079443572,0.015274876392369605
1970-10-31,0.012814012966398319,0.0026969640809390277,0.0060962234157911485,0.015337741004373628
1970-09-30,0.017292885367429154,0.0034445323297569402,0.007961728452541054,0.02090975087369572
1970-08-31,0.015547293150330136,0.0030762045387144254,0.007289242010526775,0.01953691231652654
1970-07-31,0.01974074839681631,0.0036861529625536625,0.008383239734694525,0.02539539922594743
1970-06-30,0.01613766785109703,0.0030572863281176045,0.006948166016061526,0.019180573871656163
1970-05-31,0.014230508013829985,0.002957491725178231,0.007492802891338354,0.017938486861750418
1970-04-30,0.01331280923385829,0.002668551326236642,0.005659290352518746,0.015040793295658316
1970-03-31,0.016740680731301836,0.0033103202865686714,0.007211579691625949,0.01859393507038449
1970-02-28,0.022860146798352167,0.004622988822404491,0.008898993697882475,0.022882743375578486
1970-01-31,0.0204701229250394,0.004254511572959463,0.008643129741875725,0.022040605775011064
1969-12-31,0.015822494507428342,0.0033430261727286892,0.006920931712362546,0.016540979276615755
1969-11-30,0.01853692247422266,0.003875223617614471,0.007845850653583631,0.017615748871978153
1969-10-31,0.028527342603879957,0.006206187388433272,0.012605787677439582,0.027556773499998823
1969-09-30,0.026911057614640122,0.005809038657763183,0.011915817070779045,0.027621197829970415
1969-08-31,0.019826889832264542,0.004535749538439448,0.009825960613216432,0.019121808114204514
1969-07-31,0.01904967445536415,0.004208116083730821,0.008631772520004752,0.014625621273909385
1969-06-30,0.01772738680372956,0.003771600764918074,0.007432383136648511,0.012376007088652689
1969-05-31,0.022327450711780748,0.004664892058712006,0.009833389748877621,0.016229531492950717
1969-04-30,0.02923586281760173,0.005883691790383889,0.01188490029414839,0.019201834212211878
1969-03-31,0.02706566102172415,0.005316860287663112,0.011098879483613374,0.016940849465756566
1969-02-28,0.025277329229758862,0.004776394224152124,0.009665502196670358,0.015768016961575784
1969-01-31,0.02945147723866358,0.005564071975285162,0.011083860268886421,0.015100372950776512
1968-12-31,0.03507770416854741,0.006638919601850295,0.013755800754147934,0.01679612609491838
1968-11-30,0.03252394269021263,0.006234632438190712,0.013276450583414638,0.017300506849613012
1968-10-31,0.028887151047560476,0.005572683121361473,0.011339984251344989,0.01477880387811424
1968-09-30,0.03228889962495086,0.006332173994905863,0.013358923008863745,0.018223993771190668
1968-08-31,0.03273288461693573,0.0064880863523232085,0.014347484361018266,0.01798889782059639
1968-07-31,0.038808704976892955,0.007509973443295305,0.015314283801261543,0.019980366815708653
1968-06-30,0.04128925881857553,0.008003039244470007,0.015371908324274566,0.021007740207802213
1968-05-31,0.03914951095776259,0.00795147668842082,0.01675152729940657,0.022841273077905216
1968-04-30,0.0369845162092585,0.007573474796549704,0.015611861455757898,0.021549219258093638
1968-03-31,0.03699551325190669,0.007101787360853384,0.013499636960760834,0.017781335095262182
1968-02-29,0.04827362059183589,0.00895687216286199,0.02220245014592842,0.023332397503328484
1968-01-31,0.087936399749077,0.016259426855838352,0.03362974839900916,0.03793088713749585
1967-12-31,0.05841186659319996,0.010854470589131113,0.02338875845282198,0.025382364404580395
1967-11-30,0.05672086714874585,0.009826513725282059,0.01986058187826898,0.024485240792001255
1967-10-31,0.05723123671491039,0.010083142493497583,0.0217461412522358,0.023688899064884323
1967-09-30,0.06844841061229334,0.012088423515988881,0.026453042197158248,0.026705786298597968
1967-08-31,0.05758310485663349,0.010567466840651003,0.023071571881049125,0.0368416284608129
1967-07-31,0.06315151416639393,0.012066733781505625,0.025464296317497005,0.05622470494478385
1967-06-30,0.06521623939925036,0.012543227245939178,0.02713030310982526,0.040307330914121794
1967-05-31,0.05367880958552912,0.010269650759218695,0.02093712046157396,0.044548738436187764
1967-04-30,0.03000560334197905,0.005722339318284614,0.012759033651602473,0.031907334375191984
1967-03-31,0.05002015131686619,0.009158339103343219,0.020053227204040465,0.04862604501367647
1967-02-28,0.12751989855159698,0.02281060513725137,0.04626533544631243,0.11345925975470082
1967-01-31,0.11025181002361943,0.020597384588921103,0.035921624064577065,0.08613097729359012
1966-12-31,0.0738518657806998,0.013601144345844992,0.021025316868615206,0.0852799222205389
1966-11-30,0.1475081821375104,0.02864720657628416,0.05375918851055939,0.08651956963454309
1966-10-31,0.13637459332647228,0.026667199737850904,0.046323828175081905,0.056109730192742686
1966-09-30,0.05388232129179154,0.01060784463502433,0.020312233312168387,0.02492381175509433
1966-08-31,0.07990385637974344,0.015596455778282725,0.027040786869155748,0.030795037184122895
1966-07-31,0.07695159889712104,0.014997438181587944,0.02610035661219076,0.026371744057531486
1966-06-30,0.12388746383475778,0.02411159131886718,0.042334490162081365,0.044663082177225595
1966-05-31,0.08188985243624415,0.015784613437699692,0.026995411321647074,0.027951199324408496
1966-04-30,0.11482354409328462,0.022283028916144577,0.033147355456050305,0.04293270683999192
1966-03-31,0.14462599774424728,0.02860876958186754,0.04877866673888221,0.06504620343383435
1966-02-28,0.17024259309107956,0.03270922131019385,0.05932270648186705,0.06342552558717987
1966-01-31,0.0782259969835163,0.014966570533464438,0.02534669115355476,0.02410457603146787
1965-12-31,0.10823242431033715,0.02082944112929209,0.03734805220553383,0.05040520636338422
1965-11-30,0.17457962763423196,0.03357572236095781,0.06852493444336825,0.11908653991341417
1965-10-31,0.15730556756482658,0.03061706706919291,0.06049462356623692,0.08427462871832643
1965-09-30,0.12506938565004708,0.02458273329907176,0.04953134383657631,0.08000127290754656
1965-08-31,0.12790297703034195,0.025455455372331466,0.05604814357697296,0.10126605226286035
1965-07-31,0.06251737011122342,0.012225813147482001,0.02245443557767536,0.02760708554041382
1965-06-30,0.14187536751672455,0.02731016787670721,0.04485200041472824,0.07775177930675446
1965-05-31,0.1816421465754653,0.03476590093656843,0.05883352436702962,0.10030476295395524
1965-04-30,0.06405880859546141,0.012090731056855125,0.02003838645999219,0.04319847775431553
1965-03-31,0.19129049479076551,0.03527354944033219,0.03845621304624513,0.12221377056925731
1965-02-28,0.7406685916666461,0.1350374815138171,0.17834491964079371,0.29166580656832575
1965-01-31,,,,
1964-12-31,,,,
1964-11-30,,,,
1964-10-31,,,,
1964-09-30,,,,
1964-08-31,,,,
1964-07-31,,,,
1964-06-30,,,,
1964-05-31,,,,
1964-04-30,,,,
